{
    "debug": true,
    "http": {
        "enabled": true,
        "listen": "0.0.0.0:16060"
    },
    "rpc": {
        "enabled": true,
        "listen": "0.0.0.0:18433"
    },
    "socket": {
        "enabled": true,
        "listen": "0.0.0.0:14444",
        "timeout": 3600
    },
    "transfer": {
        "enabled": true,
        "batch": 200,
        "retry": 1,
        "connTimeout": 1000,
        "callTimeout": 5000,
        "maxConns": 32,
        "maxIdle": 32,
        "cluster": {
            "t1":"%%TRANSFER_RPC%%"
        }
    }
}
