{
    "debug": true,
    "minStep": 30,
    "http": {
        "enabled": true,
        "listen": "%%TRANSFER_HTTP%%"
    },
    "rpc": {
        "enabled": true,
        "listen": "%%TRANSFER_RPC%%"
    },
    "socket": {
        "enabled": true,
        "listen": "0.0.0.0:4444",
        "timeout": 3600
    },
    "judge": {
        "enabled": true,
        "batch": 200,
        "connTimeout": 1000,
        "callTimeout": 5000,
        "maxConns": 32,
        "maxIdle": 32,
        "replicas": 500,
        "cluster": {
            "judge-00" : "%%JUDGE_RPC%%"
        }
    },
    "graph": {
        "enabled": true,
        "batch": 200,
        "connTimeout": 1000,
        "callTimeout": 5000,
        "maxConns": 32,
        "maxIdle": 32,
        "replicas": 500,
        "cluster": {
            "graph-00" : "%%GRAPH_RPC%%"
        }
    },
    "tsdb": {
        "enabled": false,
        "batch": 200,
        "connTimeout": 1000,
        "callTimeout": 5000,
        "maxConns": 32,
        "maxIdle": 32,
        "retry": 3,
        "address": "127.0.0.1:8088"
    }
}
