{
  "ApiSpecs": [
    {
      "HttpVerb": "GET",
      "Path": "/api/v1/graph/endpoint",
      "Calls": [
        {
          "Id": 0,
          "CurrentPath": "/api/v1/graph/endpoint",
          "MethodType": "GET",
          "PostForm": null,
          "RequestHeader": {
            "Cookie": " name=test1; sig=d4f71cba377911e699d60242ac110010\r",
            "X-Forwarded-For": " "
          },
          "CommonRequestHeaders": null,
          "ResponseHeader": {
            "Content-Type": "application/json; charset=utf-8"
          },
          "RequestUrlParams": {},
          "RequestBody": "",
          "ResponseBody": "{\"error\":\"q is missing\"}",
          "ResponseCode": 400
        },
        {
          "Id": 1,
          "CurrentPath": "/api/v1/graph/endpoint",
          "MethodType": "GET",
          "PostForm": null,
          "RequestHeader": {
            "X-Forwarded-For": " "
          },
          "CommonRequestHeaders": null,
          "ResponseHeader": {
            "Content-Type": "application/json; charset=utf-8"
          },
          "RequestUrlParams": {},
          "RequestBody": "",
          "ResponseBody": "",
          "ResponseCode": 401
        },
        {
          "Id": 2,
          "CurrentPath": "/api/v1/graph/endpoint",
          "MethodType": "GET",
          "PostForm": null,
          "RequestHeader": {
            "Cookie": " name=test1; sig=d4f71cba377911e699d60242ac110010\r",
            "X-Forwarded-For": " "
          },
          "CommonRequestHeaders": null,
          "ResponseHeader": {
            "Content-Type": "application/json; charset=utf-8"
          },
          "RequestUrlParams": {
            "q": "a.+"
          },
          "RequestBody": "",
          "ResponseBody": "[{\"endpoint\":\"docker-agent\",\"id\":7},{\"endpoint\":\"docker-task\",\"id\":6},{\"endpoint\":\"graph\",\"id\":3},{\"endpoint\":\"nodata\",\"id\":920},{\"endpoint\":\"task\",\"id\":5}]",
          "ResponseCode": 200
        },
        {
          "Id": 0,
          "CurrentPath": "/api/v1/graph/endpoint",
          "MethodType": "GET",
          "PostForm": null,
          "RequestHeader": {
            "Apitoken": "{\"name\":\"root\",\"sig\":\"427d6803b78311e68afd0242ac130006\"}",
            "X-Forwarded-For": " 127.0.0.1\r"
          },
          "CommonRequestHeaders": null,
          "ResponseHeader": {
            "Access-Control-Allow-Credentials": "true",
            "Access-Control-Allow-Headers": "Content-Type, Content-Length, Apitoken",
            "Access-Control-Allow-Methods": "POST, GET, OPTIONS, PUT, DELETE, UPDATE",
            "Access-Control-Allow-Origin": "*",
            "Access-Control-Expose-Headers": "Content-Length",
            "Access-Control-Max-Age": "86400",
            "Content-Type": "application/json; charset=utf-8"
          },
          "RequestUrlParams": {
            "limit": "10",
            "q": ".+"
          },
          "RequestBody": "",
          "ResponseBody": "[{\"endpoint\":\"docker-a\",\"id\":244525914},{\"endpoint\":\"docker-b\",\"id\":12675145},{\"endpoint\":\"docker-c\",\"id\":12683936},{\"endpoint\":\"docker-d\",\"id\":12681439},{\"endpoint\":\"docker-f\",\"id\":12676363},{\"endpoint\":\"docker-g\",\"id\":12681715},{\"endpoint\":\"docker-h\",\"id\":12678421},{\"endpoint\":\"docker-i\",\"id\":12676879},{\"endpoint\":\"docker-j\",\"id\":12675447},{\"endpoint\":\"docker-k\",\"id\":12679349}]",
          "ResponseCode": 200
        }
      ]
    },
    {
      "HttpVerb": "GET",
      "Path": "/api/v1/graph/endpoint_counter",
      "Calls": [
        {
          "Id": 3,
          "CurrentPath": "/api/v1/graph/endpoint_counter",
          "MethodType": "GET",
          "PostForm": null,
          "RequestHeader": {
            "Cookie": " name=test1; sig=d4f71cba377911e699d60242ac110010\r",
            "X-Forwarded-For": " "
          },
          "CommonRequestHeaders": null,
          "ResponseHeader": {
            "Content-Type": "application/json; charset=utf-8"
          },
          "RequestUrlParams": {},
          "RequestBody": "",
          "ResponseBody": "{\"error\":\"eid is missing\"}",
          "ResponseCode": 400
        },
        {
          "Id": 4,
          "CurrentPath": "/api/v1/graph/endpoint_counter",
          "MethodType": "GET",
          "PostForm": null,
          "RequestHeader": {
            "Cookie": " name=test1; sig=d4f71cba377911e699d60242ac110010\r",
            "X-Forwarded-For": " "
          },
          "CommonRequestHeaders": null,
          "ResponseHeader": {
            "Content-Type": "application/json; charset=utf-8"
          },
          "RequestUrlParams": {
            "eid": "6,7",
            "metricQuery": "disk.+"
          },
          "RequestBody": "",
          "ResponseBody": "[\"disk.io.avgqu-sz/device=sda\",\"disk.io.ios_in_progress/device=sda\",\"disk.io.msec_read/device=sda\",\"disk.io.read_requests/device=sda\",\"disk.io.read_sectors/device=sda\",\"disk.io.write_bytes/device=sda\",\"disk.io.write_merged/device=sda\",\"disk.io.msec_write/device=sda\",\"disk.io.read_merged/device=sda\",\"disk.io.svctm/device=sda\",\"disk.io.util/device=sda\",\"disk.io.avgrq_sz/device=sda\",\"disk.io.msec_weighted_total/device=sda\",\"disk.io.await/device=sda\",\"disk.io.msec_total/device=sda\",\"disk.io.read_bytes/device=sda\",\"disk.io.write_requests/device=sda\",\"disk.io.write_sectors/device=sda\"]",
          "ResponseCode": 200
        },
        {
          "Id": 2,
          "CurrentPath": "/api/v1/graph/endpoint_counter",
          "MethodType": "GET",
          "PostForm": null,
          "RequestHeader": {
            "Apitoken": "{\"name\":\"root\",\"sig\":\"427d6803b78311e68afd0242ac130006\"}",
            "X-Forwarded-For": " 127.0.0.1\r"
          },
          "CommonRequestHeaders": null,
          "ResponseHeader": {
            "Access-Control-Allow-Credentials": "true",
            "Access-Control-Allow-Headers": "Content-Type, Content-Length, Apitoken",
            "Access-Control-Allow-Methods": "POST, GET, OPTIONS, PUT, DELETE, UPDATE",
            "Access-Control-Allow-Origin": "*",
            "Access-Control-Expose-Headers": "Content-Length",
            "Access-Control-Max-Age": "86400",
            "Content-Type": "application/json; charset=utf-8"
          },
          "RequestUrlParams": {
            "eid": "244525914,12675145,12683936,12681439,12676363,12681715,12678421,12676879,12675447,12679349",
            "limit": "3",
            "metricQuery": "disk.+"
          },
          "RequestBody": "",
          "ResponseBody": "[\"disk.io.write_sectors/device=sdh\",\"disk.device.size/device=sdm\",\"disk.io.ios_in_progress/device=sdj\"]",
          "ResponseCode": 200
        }
      ]
    },
    {
      "HttpVerb": "POST",
      "Path": "/api/v1/graph/history",
      "Calls": [
        {
          "Id": 0,
          "CurrentPath": "/api/v1/graph/history",
          "MethodType": "POST",
          "PostForm": null,
          "RequestHeader": {
            "Apitoken": "{\"name\":\"root\",\"sig\":\"427d6803b78311e68afd0242ac130006\"}",
            "Content-Type": " application/json\r",
            "X-Forwarded-For": " 127.0.0.1\r"
          },
          "CommonRequestHeaders": null,
          "ResponseHeader": {
            "Access-Control-Allow-Credentials": "true",
            "Access-Control-Allow-Headers": "Content-Type, Content-Length, Apitoken",
            "Access-Control-Allow-Methods": "POST, GET, OPTIONS, PUT, DELETE, UPDATE",
            "Access-Control-Allow-Origin": "*",
            "Access-Control-Expose-Headers": "Content-Length",
            "Access-Control-Max-Age": "86400",
            "Content-Type": "application/json; charset=utf-8"
          },
          "RequestUrlParams": {},
          "RequestBody": "{\"step\":60,\"start_time\":1481854596,\"hostnames\":[\"docker-a\",\"docker-b\",\"docker-c\"],\"end_time\":1481858193,\"counters\":[\"cpu.idle\",\"cpu.iowait\"],\"consol_fun\":\"AVERAGE\"}",
          "ResponseBody": "[{\"endpoint\":\"docker-a\",\"counter\":\"cpu.idle\",\"dstype\":\"GAUGE\",\"step\":60,\"Values\":[{\"timestamp\":1481854620,\"value\":98.154506},{\"timestamp\":1481854680,\"value\":97.864161},{\"timestamp\":1481854740,\"value\":97.521368},{\"timestamp\":1481854800,\"value\":97.587247},{\"timestamp\":1481854860,\"value\":97.440273},{\"timestamp\":1481854920,\"value\":97.914006},{\"timestamp\":1481854980,\"value\":97.223409},{\"timestamp\":1481855040,\"value\":98.029135},{\"timestamp\":1481855100,\"value\":97.614991},{\"timestamp\":1481855160,\"value\":97.565143},{\"timestamp\":1481855220,\"value\":97.070064},{\"timestamp\":1481855280,\"value\":98.726115},{\"timestamp\":1481855340,\"value\":98.720137},{\"timestamp\":1481855400,\"value\":98.205128},{\"timestamp\":1481855460,\"value\":97.700170},{\"timestamp\":1481855520,\"value\":97.780623},{\"timestamp\":1481855580,\"value\":97.379725},{\"timestamp\":1481855640,\"value\":98.034188},{\"timestamp\":1481855700,\"value\":98.246364},{\"timestamp\":1481855760,\"value\":98.372591},{\"timestamp\":1481855820,\"value\":98.152921},{\"timestamp\":1481855880,\"value\":97.914006},{\"timestamp\":1481855940,\"value\":95.592048},{\"timestamp\":1481856000,\"value\":94.115120},{\"timestamp\":1481856060,\"value\":97.596567},{\"timestamp\":1481856120,\"value\":97.501077},{\"timestamp\":1481856180,\"value\":96.374622},{\"timestamp\":1481856240,\"value\":89.570815},{\"timestamp\":1481856300,\"value\":96.410035},{\"timestamp\":1481856360,\"value\":97.567222},{\"timestamp\":1481856420,\"value\":97.252040},{\"timestamp\":1481856480,\"value\":95.356836},{\"timestamp\":1481856540,\"value\":97.330508},{\"timestamp\":1481856600,\"value\":96.999571},{\"timestamp\":1481856660,\"value\":97.278912},{\"timestamp\":1481856720,\"value\":97.229327},{\"timestamp\":1481856780,\"value\":97.212693},{\"timestamp\":1481856840,\"value\":96.503198},{\"timestamp\":1481856900,\"value\":96.790757},{\"timestamp\":1481856960,\"value\":98.121264},{\"timestamp\":1481857020,\"value\":98.550725},{\"timestamp\":1481857080,\"value\":97.548387},{\"timestamp\":1481857140,\"value\":98.466127},{\"timestamp\":1481857200,\"value\":97.900600},{\"timestamp\":1481857260,\"value\":97.985426},{\"timestamp\":1481857320,\"value\":97.357204},{\"timestamp\":1481857380,\"value\":97.086547},{\"timestamp\":1481857440,\"value\":98.770144},{\"timestamp\":1481857500,\"value\":97.727273},{\"timestamp\":1481857560,\"value\":98.595147},{\"timestamp\":1481857620,\"value\":97.867804},{\"timestamp\":1481857680,\"value\":98.128456},{\"timestamp\":1481857740,\"value\":97.886729},{\"timestamp\":1481857800,\"value\":95.969453},{\"timestamp\":1481857860,\"value\":97.134303},{\"timestamp\":1481857920,\"value\":98.033348},{\"timestamp\":1481857980,\"value\":96.511628},{\"timestamp\":1481858040,\"value\":96.522112},{\"timestamp\":1481858100,\"value\":97.490430},{\"timestamp\":1481858160,\"value\":96.958012}]},{\"endpoint\":\"docker-a\",\"counter\":\"cpu.iowait\",\"dstype\":\"GAUGE\",\"step\":60,\"Values\":[{\"timestamp\":1481854620,\"value\":0.815451},{\"timestamp\":1481854680,\"value\":0.598035},{\"timestamp\":1481854740,\"value\":1.239316},{\"timestamp\":1481854800,\"value\":0.775528},{\"timestamp\":1481854860,\"value\":0.895904},{\"timestamp\":1481854920,\"value\":0.893997},{\"timestamp\":1481854980,\"value\":0.811619},{\"timestamp\":1481855040,\"value\":0.728363},{\"timestamp\":1481855100,\"value\":0.425894},{\"timestamp\":1481855160,\"value\":0.768902},{\"timestamp\":1481855220,\"value\":1.443737},{\"timestamp\":1481855280,\"value\":0.297240},{\"timestamp\":1481855340,\"value\":0.213311},{\"timestamp\":1481855400,\"value\":0.512821},{\"timestamp\":1481855460,\"value\":1.022147},{\"timestamp\":1481855520,\"value\":0.810926},{\"timestamp\":1481855580,\"value\":0.515464},{\"timestamp\":1481855640,\"value\":0.555556},{\"timestamp\":1481855700,\"value\":0.470488},{\"timestamp\":1481855760,\"value\":0.428266},{\"timestamp\":1481855820,\"value\":0.386598},{\"timestamp\":1481855880,\"value\":0.638570},{\"timestamp\":1481855940,\"value\":0.432152},{\"timestamp\":1481856000,\"value\":0.730241},{\"timestamp\":1481856060,\"value\":0.643777},{\"timestamp\":1481856120,\"value\":0.603188},{\"timestamp\":1481856180,\"value\":1.035822},{\"timestamp\":1481856240,\"value\":8.927039},{\"timestamp\":1481856300,\"value\":0.605536},{\"timestamp\":1481856360,\"value\":0.341443},{\"timestamp\":1481856420,\"value\":0.343495},{\"timestamp\":1481856480,\"value\":0.601892},{\"timestamp\":1481856540,\"value\":0.466102},{\"timestamp\":1481856600,\"value\":0.557222},{\"timestamp\":1481856660,\"value\":0.382653},{\"timestamp\":1481856720,\"value\":0.554135},{\"timestamp\":1481856780,\"value\":0.428816},{\"timestamp\":1481856840,\"value\":1.151386},{\"timestamp\":1481856900,\"value\":0.556269},{\"timestamp\":1481856960,\"value\":0.469684},{\"timestamp\":1481857020,\"value\":0.298380},{\"timestamp\":1481857080,\"value\":0.903226},{\"timestamp\":1481857140,\"value\":0.426076},{\"timestamp\":1481857200,\"value\":0.771208},{\"timestamp\":1481857260,\"value\":1.071582},{\"timestamp\":1481857320,\"value\":1.278772},{\"timestamp\":1481857380,\"value\":0.642674},{\"timestamp\":1481857440,\"value\":0.212044},{\"timestamp\":1481857500,\"value\":0.686106},{\"timestamp\":1481857560,\"value\":0.425713},{\"timestamp\":1481857620,\"value\":0.810235},{\"timestamp\":1481857680,\"value\":0.765632},{\"timestamp\":1481857740,\"value\":0.380389},{\"timestamp\":1481857800,\"value\":0.296988},{\"timestamp\":1481857860,\"value\":0.855432},{\"timestamp\":1481857920,\"value\":0.470286},{\"timestamp\":1481857980,\"value\":1.248923},{\"timestamp\":1481858040,\"value\":1.631602},{\"timestamp\":1481858100,\"value\":1.531263},{\"timestamp\":1481858160,\"value\":0.599829}]},{\"endpoint\":\"docker-b\",\"counter\":\"cpu.idle\",\"dstype\":\"GAUGE\",\"step\":60,\"Values\":[{\"timestamp\":1481854620,\"value\":93.811775},{\"timestamp\":1481854680,\"value\":94.150538},{\"timestamp\":1481854740,\"value\":94.991438},{\"timestamp\":1481854800,\"value\":93.287435},{\"timestamp\":1481854860,\"value\":96.642584},{\"timestamp\":1481854920,\"value\":98.207426},{\"timestamp\":1481854980,\"value\":94.801875},{\"timestamp\":1481855040,\"value\":97.827939},{\"timestamp\":1481855100,\"value\":94.439692},{\"timestamp\":1481855160,\"value\":98.292787},{\"timestamp\":1481855220,\"value\":95.027624},{\"timestamp\":1481855280,\"value\":98.218074},{\"timestamp\":1481855340,\"value\":97.402044},{\"timestamp\":1481855400,\"value\":94.368601},{\"timestamp\":1481855460,\"value\":94.772631},{\"timestamp\":1481855520,\"value\":93.992331},{\"timestamp\":1481855580,\"value\":94.939446},{\"timestamp\":1481855640,\"value\":97.780623},{\"timestamp\":1481855700,\"value\":97.860505},{\"timestamp\":1481855760,\"value\":92.765411},{\"timestamp\":1481855820,\"value\":98.029979},{\"timestamp\":1481855880,\"value\":94.523502},{\"timestamp\":1481855940,\"value\":94.102564},{\"timestamp\":1481856000,\"value\":94.965870},{\"timestamp\":1481856060,\"value\":94.382979},{\"timestamp\":1481856120,\"value\":93.336181},{\"timestamp\":1481856180,\"value\":97.988875},{\"timestamp\":1481856240,\"value\":94.401709},{\"timestamp\":1481856300,\"value\":94.619983},{\"timestamp\":1481856360,\"value\":94.916702},{\"timestamp\":1481856420,\"value\":94.089733},{\"timestamp\":1481856480,\"value\":94.475375},{\"timestamp\":1481856540,\"value\":93.576017},{\"timestamp\":1481856600,\"value\":94.010195},{\"timestamp\":1481856660,\"value\":94.137783},{\"timestamp\":1481856720,\"value\":95.264505},{\"timestamp\":1481856780,\"value\":96.879008},{\"timestamp\":1481856840,\"value\":96.387590},{\"timestamp\":1481856900,\"value\":93.830334},{\"timestamp\":1481856960,\"value\":96.282051},{\"timestamp\":1481857020,\"value\":94.173093},{\"timestamp\":1481857080,\"value\":95.382642},{\"timestamp\":1481857140,\"value\":94.107452},{\"timestamp\":1481857200,\"value\":93.611584},{\"timestamp\":1481857260,\"value\":97.053800},{\"timestamp\":1481857320,\"value\":94.404101},{\"timestamp\":1481857380,\"value\":94.449189},{\"timestamp\":1481857440,\"value\":98.286938},{\"timestamp\":1481857500,\"value\":93.720632},{\"timestamp\":1481857560,\"value\":93.669803},{\"timestamp\":1481857620,\"value\":93.865294},{\"timestamp\":1481857680,\"value\":94.498934},{\"timestamp\":1481857740,\"value\":94.610778},{\"timestamp\":1481857800,\"value\":93.929029},{\"timestamp\":1481857860,\"value\":97.827939},{\"timestamp\":1481857920,\"value\":97.768240},{\"timestamp\":1481857980,\"value\":91.079014},{\"timestamp\":1481858040,\"value\":97.854998},{\"timestamp\":1481858100,\"value\":93.399482},{\"timestamp\":1481858160,\"value\":94.014536}]},{\"endpoint\":\"docker-b\",\"counter\":\"cpu.iowait\",\"dstype\":\"GAUGE\",\"step\":60,\"Values\":[{\"timestamp\":1481854620,\"value\":0.171895},{\"timestamp\":1481854680,\"value\":0.645161},{\"timestamp\":1481854740,\"value\":0.470890},{\"timestamp\":1481854800,\"value\":0.731497},{\"timestamp\":1481854860,\"value\":0.594985},{\"timestamp\":1481854920,\"value\":0.256082},{\"timestamp\":1481854980,\"value\":0.340861},{\"timestamp\":1481855040,\"value\":0.255537},{\"timestamp\":1481855100,\"value\":0.684346},{\"timestamp\":1481855160,\"value\":0.384123},{\"timestamp\":1481855220,\"value\":0.084998},{\"timestamp\":1481855280,\"value\":0.466695},{\"timestamp\":1481855340,\"value\":1.192504},{\"timestamp\":1481855400,\"value\":0.511945},{\"timestamp\":1481855460,\"value\":0.594985},{\"timestamp\":1481855520,\"value\":0.383468},{\"timestamp\":1481855580,\"value\":1.038062},{\"timestamp\":1481855640,\"value\":0.981647},{\"timestamp\":1481855700,\"value\":0.599059},{\"timestamp\":1481855760,\"value\":0.770548},{\"timestamp\":1481855820,\"value\":0.428266},{\"timestamp\":1481855880,\"value\":0.301854},{\"timestamp\":1481855940,\"value\":0.598291},{\"timestamp\":1481856000,\"value\":0.853242},{\"timestamp\":1481856060,\"value\":0.723404},{\"timestamp\":1481856120,\"value\":1.025203},{\"timestamp\":1481856180,\"value\":0.470689},{\"timestamp\":1481856240,\"value\":0.213675},{\"timestamp\":1481856300,\"value\":0.768574},{\"timestamp\":1481856360,\"value\":0.256301},{\"timestamp\":1481856420,\"value\":0.388266},{\"timestamp\":1481856480,\"value\":0.342612},{\"timestamp\":1481856540,\"value\":0.813704},{\"timestamp\":1481856600,\"value\":0.594732},{\"timestamp\":1481856660,\"value\":0.684638},{\"timestamp\":1481856720,\"value\":1.535836},{\"timestamp\":1481856780,\"value\":0.256520},{\"timestamp\":1481856840,\"value\":0.382490},{\"timestamp\":1481856900,\"value\":1.028278},{\"timestamp\":1481856960,\"value\":1.025641},{\"timestamp\":1481857020,\"value\":0.642674},{\"timestamp\":1481857080,\"value\":0.726806},{\"timestamp\":1481857140,\"value\":0.649913},{\"timestamp\":1481857200,\"value\":0.809199},{\"timestamp\":1481857260,\"value\":0.256191},{\"timestamp\":1481857320,\"value\":0.512601},{\"timestamp\":1481857380,\"value\":0.597780},{\"timestamp\":1481857440,\"value\":0.342612},{\"timestamp\":1481857500,\"value\":1.196070},{\"timestamp\":1481857560,\"value\":0.983747},{\"timestamp\":1481857620,\"value\":0.900901},{\"timestamp\":1481857680,\"value\":0.639659},{\"timestamp\":1481857740,\"value\":0.641574},{\"timestamp\":1481857800,\"value\":0.598546},{\"timestamp\":1481857860,\"value\":0.425894},{\"timestamp\":1481857920,\"value\":0.729614},{\"timestamp\":1481857980,\"value\":0.339847},{\"timestamp\":1481858040,\"value\":0.686401},{\"timestamp\":1481858100,\"value\":0.560828},{\"timestamp\":1481858160,\"value\":0.513040}]},{\"endpoint\":\"docker-c\",\"counter\":\"cpu.idle\",\"dstype\":\"\",\"step\":0,\"Values\":[]},{\"endpoint\":\"docker-c\",\"counter\":\"cpu.iowait\",\"dstype\":\"\",\"step\":0,\"Values\":[]}]",
          "ResponseCode": 200
        }
      ]
    }
  ]
}
