{
  "ApiSpecs": [
    {
      "HttpVerb": "POST",
      "Path": "/api/v1/team",
      "Calls": [
        {
          "Id": 0,
          "CurrentPath": "/api/v1/team",
          "MethodType": "POST",
          "PostForm": null,
          "RequestHeader": {
            "Apitoken": "{\"name\": \"root\", \"sig\": \"dd81ea033c2d11e6a95d0242ac11000c\"}",
            "Content-Type": " application/json\r",
            "X-Forwarded-For": " "
          },
          "CommonRequestHeaders": null,
          "ResponseHeader": {
            "Access-Control-Allow-Headers": "Content-Type,Token,Apitoken",
            "Access-Control-Allow-Origin": "*",
            "Content-Type": "application/json; charset=utf-8"
          },
          "RequestUrlParams": {},
          "RequestBody": "{\"resume\": \"i'm descript\"}",
          "ResponseBody": "{\"error\":\"Key: 'APICreateTeamInput.Name' Error:Field validation for 'Name' failed on the 'required' tag\"}",
          "ResponseCode": 400
        },
        {
          "Id": 1,
          "CurrentPath": "/api/v1/team",
          "MethodType": "POST",
          "PostForm": null,
          "RequestHeader": {
            "Apitoken": "{\"name\": \"root\", \"sig\": \"dd81ea033c2d11e6a95d0242ac11000c\"}",
            "Content-Type": " application/json\r",
            "X-Forwarded-For": " "
          },
          "CommonRequestHeaders": null,
          "ResponseHeader": {
            "Access-Control-Allow-Headers": "Content-Type,Token,Apitoken",
            "Access-Control-Allow-Origin": "*",
            "Content-Type": "application/json; charset=utf-8"
          },
          "RequestUrlParams": {},
          "RequestBody": "{\"team_name\": \"ateamname\",\"resume\": \"i'm descript\", \"users\": [1]}",
          "ResponseBody": "{\"message\":\"team created! Afftect row: 1, Affect refer: 1\"}",
          "ResponseCode": 200
        }
      ]
    },
    {
      "HttpVerb": "GET",
      "Path": "/api/v1/team",
      "Calls": [
        {
          "Id": 0,
          "CurrentPath": "/api/v1/team",
          "MethodType": "GET",
          "PostForm": null,
          "RequestHeader": {
            "Apitoken": "{\"name\": \"root\", \"sig\": \"dd81ea033c2d11e6a95d0242ac11000c\"}",
            "X-Forwarded-For": " "
          },
          "CommonRequestHeaders": null,
          "ResponseHeader": {
            "Access-Control-Allow-Headers": "Content-Type,Token,Apitoken",
            "Access-Control-Allow-Origin": "*",
            "Content-Type": "application/json; charset=utf-8"
          },
          "RequestUrlParams": {
            "q": ".+"
          },
          "RequestBody": "",
          "ResponseBody": "[{\"id\":1,\"name\":\"a\",\"resume\":\"\",\"creator\":1},{\"id\":2,\"name\":\"b\",\"resume\":\"g\",\"creator\":1},{\"id\":4,\"name\":\"testteam\",\"resume\":\"i'm test\",\"creator\":15},{\"id\":5,\"name\":\"atestteam\",\"resume\":\"i'm test\",\"creator\":16},{\"id\":107,\"name\":\"ateamname\",\"resume\":\"i'm descript\",\"creator\":1}]",
          "ResponseCode": 200
        },
        {
          "Id": 1,
          "CurrentPath": "/api/v1/team",
          "MethodType": "GET",
          "PostForm": null,
          "RequestHeader": {
            "Apitoken": "{\"name\": \"root\", \"sig\": \"dd81ea033c2d11e6a95d0242ac11000c\"}",
            "X-Forwarded-For": " "
          },
          "CommonRequestHeaders": null,
          "ResponseHeader": {
            "Access-Control-Allow-Headers": "Content-Type,Token,Apitoken",
            "Access-Control-Allow-Origin": "*",
            "Content-Type": "application/json; charset=utf-8"
          },
          "RequestUrlParams": {
            "q": "ateamname"
          },
          "RequestBody": "",
          "ResponseBody": "[{\"id\":107,\"name\":\"ateamname\",\"resume\":\"i'm descript\",\"creator\":1}]",
          "ResponseCode": 200
        }
      ]
    },
    {
      "HttpVerb": "PUT",
      "Path": "/api/v1/team",
      "Calls": [
        {
          "Id": 2,
          "CurrentPath": "/api/v1/team",
          "MethodType": "PUT",
          "PostForm": null,
          "RequestHeader": {
            "Apitoken": "{\"name\": \"root\", \"sig\": \"dd81ea033c2d11e6a95d0242ac11000c\"}",
            "Content-Type": " application/json\r",
            "X-Forwarded-For": " "
          },
          "CommonRequestHeaders": null,
          "ResponseHeader": {
            "Access-Control-Allow-Headers": "Content-Type,Token,Apitoken",
            "Access-Control-Allow-Origin": "*",
            "Content-Type": "application/json; charset=utf-8"
          },
          "RequestUrlParams": {},
          "RequestBody": "{\"team_id\": 107, \"resume\": \"i'm descript update\", \"users\": [4,5,6,7]}",
          "ResponseBody": "{\"message\":\"team updated!\"}",
          "ResponseCode": 200
        }
      ]
    },
    {
      "HttpVerb": "GET",
      "Path": "/api/v1/team/107",
      "Calls": [
        {
          "Id": 4,
          "CurrentPath": "/api/v1/team/107",
          "MethodType": "GET",
          "PostForm": null,
          "RequestHeader": {
            "Apitoken": "{\"name\": \"root\", \"sig\": \"dd81ea033c2d11e6a95d0242ac11000c\"}",
            "X-Forwarded-For": " "
          },
          "CommonRequestHeaders": null,
          "ResponseHeader": {
            "Access-Control-Allow-Headers": "Content-Type,Token,Apitoken",
            "Access-Control-Allow-Origin": "*",
            "Content-Type": "application/json; charset=utf-8"
          },
          "RequestUrlParams": {},
          "RequestBody": "",
          "ResponseBody": "{\"id\":107,\"name\":\"ateamname\",\"resume\":\"i'm descript\",\"creator\":1,\"users\":[{\"id\":4,\"name\":\"test1\",\"cnname\":\"翱鶚Test\",\"email\":\"root123@cepave.com\",\"phone\":\"99999999999\",\"im\":\"44955834958\",\"qq\":\"904394234239\",\"role\":0},{\"id\":5,\"name\":\"don\",\"cnname\":\"\",\"email\":\"\",\"phone\":\"\",\"im\":\"\",\"qq\":\"904394234239\",\"role\":0},{\"id\":6,\"name\":\"masato\",\"cnname\":\"\",\"email\":\"\",\"phone\":\"\",\"im\":\"\",\"qq\":\"904394234239\",\"role\":0},{\"id\":7,\"name\":\"cepave1\",\"cnname\":\"\",\"email\":\"\",\"phone\":\"\",\"im\":\"\",\"qq\":\"904394234239\",\"role\":0}]}",
          "ResponseCode": 200
        }
      ]
    },
    {
      "HttpVerb": "DELETE",
      "Path": "/api/v1/team/107",
      "Calls": [
        {
          "Id": 6,
          "CurrentPath": "/api/v1/team/107",
          "MethodType": "DELETE",
          "PostForm": null,
          "RequestHeader": {
            "Apitoken": "{\"name\": \"root\", \"sig\": \"dd81ea033c2d11e6a95d0242ac11000c\"}",
            "X-Forwarded-For": " "
          },
          "CommonRequestHeaders": null,
          "ResponseHeader": {
            "Access-Control-Allow-Headers": "Content-Type,Token,Apitoken",
            "Access-Control-Allow-Origin": "*",
            "Content-Type": "application/json; charset=utf-8"
          },
          "RequestUrlParams": {},
          "RequestBody": "",
          "ResponseBody": "{\"message\":\"team 107 is deleted. Affect row: 1 / refer delete: 4\"}",
          "ResponseCode": 200
        }
      ]
    }
  ]
}
