{
    "debug": true,
    "http": {
        "enabled": true,
        "listen": "0.0.0.0:6055"
    },
    "database": {
        "addr": "root:@tcp(127.0.0.1:3306)/falcon_portal?loc=Local&parseTime=true",
        "idle": 10,
        "ids": [1, -1],
        "interval": 55
    },
    "api": {
        "connect_timeout": 500,
        "request_timeout": 2000,
        "plus_api": "http://127.0.0.1:8080",
        "plus_api_token": "default-token-used-in-server-side",
        "push_api": "http://127.0.0.1:1988/v1/push"
    }
}
